dataset,model,eval_metrics/MSE[mean],eval_metrics/MSE[0.5],eval_metrics/MAE[0.5],eval_metrics/MASE[0.5],eval_metrics/MAPE[0.5],eval_metrics/sMAPE[0.5],eval_metrics/MSIS,eval_metrics/RMSE[mean],eval_metrics/NRMSE[mean],eval_metrics/ND[0.5],eval_metrics/mean_weighted_sum_quantile_loss,domain,num_variates
bizitobs_l2c/H/short,chronos_bolt_base,56.59241691468254,56.59241691468254,4.475569467695933,0.43226974962129694,0.39512736734440573,0.6075935969277034,2.824354985704549,7.522793159105369,0.4054978174820326,0.24124465644031454,0.18900315239264084,Web/CloudOps,7
bizitobs_l2c/H/medium,chronos_bolt_base,74.00342261904763,74.00342261904763,4.9346540178571425,0.4952064150955139,0.4992526891357519,0.7555233909970238,6.702804550165073,8.60252420043371,0.5208959068201737,0.29880079609028215,0.25443033413420424,Web/CloudOps,7
bizitobs_l2c/H/long,chronos_bolt_base,77.46104910714286,77.46104910714286,5.131363544766865,0.5557104860687487,0.6086717150326638,0.7860786559089782,10.303877604915673,8.801195890737965,0.5376024468218877,0.3134384953415683,0.27763608084978597,Web/CloudOps,7
m4_weekly/W/short,chronos_bolt_base,240658.12899078638,240658.12899078638,257.7035301049925,2.077568679616644,0.06262108946040684,0.06252293232193794,18.150360193219555,490.56918879072134,0.08937410368059916,0.04694958946613656,0.038167982341959686,Econ/Fin,1
